query,google_probes,yandex_probes,seed_roots,source_count
seo продвижение стоматологии,,seo продвижение стоматологи,seo продвижение стоматологии,1
агентство медицинского маркетинга,агентство медицинского маркетинг | агентство медицинского,агентство медицинского маркетинг | агентство медицинского,агентство медицинского маркетинга,2
агентство медицинского маркетинга анастасии гришковой,агентство медицинского маркетинга анастасии гришково | агентство медицинского маркетинга анастасии,агентство медицинского маркетинга анастасии гришково | агентство медицинского маркетинга анастасии,агентство медицинского маркетинга | агентство медицинского маркетинга анастасии гришковой,2
агентство медицинского маркетинга гродно,агентство медицинского маркетинга гродн | агентство медицинского маркетинга,,агентство медицинского маркетинга | агентство медицинского маркетинга гродно,1
агентство медицинского маркетинга мед agent,агентство медицинского маркетинга мед agen | агентство медицинского маркетинга мед,,агентство медицинского маркетинга | агентство медицинского маркетинга мед agent,1
агентство медицинского маркетинга наповал,агентство медицинского маркетинга напова | агентство медицинского маркетинга,,агентство медицинского маркетинга | агентство медицинского маркетинга наповал,1
аппаратная косметология реклама,аппаратная косметология реклам,аппаратная косметология реклам,аппаратная косметология реклама | реклама косметологии | реклама косметология,2
ассоциация стоматологов россии официальный сайт,ассоциация стоматологов россии официальный сай | ассоциация стоматологов россии официальный,ассоциация стоматологов россии официальный сай | ассоциация стоматологов россии официальный,сайт для стоматологов,2
ассоциация стоматологов россии официальный сайт протоколы лечения,,ассоциация стоматологов россии официальный сайт протоколы лечени | ассоциация стоматологов россии официальный сайт протоколы,сайт для стоматологов,1
биос клиника пластической хирургии официальный сайт,,биос клиника пластической хирургии официальный сай | биос клиника пластической хирургии официальный,реклама клиники пластической хирургии,1
биос клиника пластической хирургии официальный сайт москва,,биос клиника пластической хирургии официальный сайт москв | биос клиника пластической хирургии официальный сайт,реклама клиники пластической хирургии,1
брендбук клиники,брендбук клиник,брендбук клиник,брендбук для клиник | брендбук клиники,2
брендинг клиники,брендинг клиник,,брендинг клиники,1
броненосная 40 улица калининград медцентр продвижение,,броненосная 40 улица калининград медцентр продвижени | броненосная 40 улица калининград медцентр,продвижение медцентр | продвижение медцентр калининград,1
ветеринарная клиника реклама,ветеринарная клиника реклам,ветеринарная клиника реклам,ветеринарная клиника реклама | клиника реклама | реклама клиника | реклама клиники,2
врачебная репутация,врачебная репутаци,,врачебная репутация | репутация врача,1
галактика клиника санкт-петербург официальный сайт косметология,,галактика клиника санкт-петербург официальный сайт косметологи | галактика клиника санкт-петербург официальный сайт,реклама клиники косметологии,1
городская стоматологическая поликлиника 1 официальный сайт,,городская стоматологическая поликлиника 1 официальный сай | городская стоматологическая поликлиника 1 официальный,официальный сайт стоматологическая поликлиника 1 | официальный сайт стоматологическая поликлиника 2,1
городская стоматологическая поликлиника 5 пермь официальный сайт,,городская стоматологическая поликлиника 5 пермь официальный сай | городская стоматологическая поликлиника 5 пермь официальный,официальный сайт стоматологическая поликлиника 1 | официальный сайт стоматологическая поликлиника 2,1
готовый контент план для стоматологии,готовый контент план для стоматологи | готовый контент план для,,готовый контент план для стоматологии | контент план для стоматологии,1
готовый сайт для стоматологии,готовый сайт для стоматологи | готовый сайт для,готовый сайт для стоматологи | готовый сайт для,готовый сайт для стоматологии | сайт для стоматологии,2
детская стомат поликлиника 3 уфа официальный сайт,,детская стомат поликлиника 3 уфа официальный сай | детская стомат поликлиника 3 уфа официальный,официальный сайт стоматологическая поликлиника 1 | официальный сайт стоматологическая поликлиника 2,1
жуковка клиника пластической хирургии официальный сайт,,жуковка клиника пластической хирургии официальный сай | жуковка клиника пластической хирургии официальный,реклама клиники пластической хирургии,1
клазко клиника пластической хирургии официальный сайт,,клазко клиника пластической хирургии официальный сай | клазко клиника пластической хирургии официальный,реклама клиники пластической хирургии,1
клиника актуальной косметологии рязань официальный сайт рязань,,клиника актуальной косметологии рязань официальный сайт рязан | клиника актуальной косметологии рязань официальный сайт,реклама клиники косметологии,1
клиника галактика санкт-петербург официальный сайт пластической хирургии,,клиника галактика санкт-петербург официальный сайт пластической хирурги | клиника галактика санкт-петербург официальный сайт пластической,реклама клиники пластической хирургии,1
клиника доктора майорова реклама,клиника доктора майорова реклам | клиника доктора майорова,,клиника реклама,1
клиника екатерининская краснодар косметология официальный сайт,,клиника екатерининская краснодар косметология официальный сай | клиника екатерининская краснодар косметология официальный,реклама клиники косметологии,1
клиника косметологии и пластической хирургии екатеринбург московская 19 сайт официальный,,клиника косметологии и пластической хирургии екатеринбург московская 19 сайт официальны | клиника косметологии и пластической хирургии екатеринбург московская 19 сайт,реклама клиники пластической хирургии,1
клиника маршака москва официальный сайт,,клиника маршака москва официальный сай | клиника маршака москва официальный,реклама клиники маршака,1
клиника маршака официальный сайт,,клиника маршака официальный сай | клиника маршака официальный,реклама клиники маршака,1
клиника маршака реклама,клиника маршака реклам,клиника маршака реклам,клиника маршака реклама | клиника реклама | реклама клиника | реклама клиники,2
клиника маршака саратов официальный сайт,,клиника маршака саратов официальный сай | клиника маршака саратов официальный,реклама клиники маршака,1
клиника москва столица здоровья официальный сайт,,клиника москва столица здоровья официальный сай | клиника москва столица здоровья официальный,сайт стоматологии москва,1
клиника москворечье официальный сайт,клиника москворечье официальный сай | клиника москворечье официальный,клиника москворечье официальный сай | клиника москворечье официальный,сайт стоматологии москва,2
клиника на московской екатеринбург пластической хирургии и косметологии официальный сайт,,клиника на московской екатеринбург пластической хирургии и косметологии официальный сай | клиника на московской екатеринбург пластической хирургии и косметологии официальный,реклама клиники пластической хирургии,1
клиника на ольховке официальный сайт пластической хирургии в москве,,клиника на ольховке официальный сайт пластической хирургии в москв | клиника на ольховке официальный сайт пластической хирургии в,реклама клиники пластической хирургии,1
клиника пластической хирургии в твери доктор свинтицкий официальный сайт,,клиника пластической хирургии в твери доктор свинтицкий официальный сай | клиника пластической хирургии в твери доктор свинтицкий официальный,реклама клиники пластической хирургии,1
клиника продвижение бережковская набережная,клиника продвижение бережковская набережна | клиника продвижение бережковская,,продвижение клиника бережковская набережная,1
клиника продвижение в калининграде,клиника продвижение в калининград | клиника продвижение в,,продвижение клиника в калининграде,1
клиника продвижение калининград броненосная,,клиника продвижение калининград броненосна | клиника продвижение калининград,продвижение клиника в калининграде броненосная | продвижение клиника калининград,1
клиника продвижение калининград на гагарина,,клиника продвижение калининград на гагарин | клиника продвижение калининград на,клиника продвижение на гагарина калининград | продвижение клиника в калининграде на гагарина | продвижение клиника калининград,1
клиника продвижение калининград отзывы,клиника продвижение калининград отзыв | клиника продвижение калининград,,клиника продвижение калининград отзывы | клиника продвижение отзывы | продвижение клиника | продвижение клиника в калининграде | продвижение клиника калининград | продвижение клиники,1
клиника продвижение калининград официальный сайт,,клиника продвижение калининград официальный сай | клиника продвижение калининград официальный,продвижение клиника калининград,1
клиника продвижение калининград официальный сайт врачи,,клиника продвижение калининград официальный сайт врач | клиника продвижение калининград официальный сайт,продвижение клиника калининград,1
клиника продвижение москва,клиника продвижение москв | клиника продвижение,клиника продвижение москв | клиника продвижение,продвижение клиника москва,2
клиника продвижение москва большая академическая,,клиника продвижение москва большая академическа | клиника продвижение москва большая,продвижение клиника москва,1
клиника продвижение москва официальный сайт,,клиника продвижение москва официальный сай | клиника продвижение москва официальный,продвижение клиника москва,1
клиника продвижение на гагарина калининград,клиника продвижение на гагарина калинингра | клиника продвижение на гагарина,,клиника продвижение на гагарина калининград | продвижение клиника | продвижение клиника калининград | продвижение клиники,1
клиника продвижение отзывы,клиника продвижение отзыв | клиника продвижение,,клиника продвижение отзывы | продвижение клиника | продвижение клиники,1
клиника продвижение ульяновск,клиника продвижение ульяновс | клиника продвижение,клиника продвижение ульяновс | клиника продвижение,клиника продвижение ульяновск | продвижение клиника | продвижение клиника ульяновск | продвижение клиники,2
клиника продвижение ульяновск новый город,,клиника продвижение ульяновск новый горо | клиника продвижение ульяновск новый,клиника продвижение ульяновск | продвижение клиника ульяновск,1
клиника продвижение услуги,клиника продвижение услуг | клиника продвижение,,клиника продвижение услуги | продвижение клиника | продвижение клиники,1
клиника продвижение фото,клиника продвижение фот | клиника продвижение,,клиника продвижение фото | продвижение клиника | продвижение клиники,1
клиника реабилитации продвижение,клиника реабилитации продвижени,,продвижение клиника реабилитации,1
клиника реклама,клиника реклам,клиника реклам,клиника реклама | реклама клиника | реклама клиники,2
клиника фомина реклама,клиника фомина реклам,клиника фомина реклам,клиника реклама,2
контекстная реклама для стоматологии,контекстная реклама для стоматологи | контекстная реклама для,контекстная реклама для стоматологи | контекстная реклама для,контекстная реклама для стоматологии,2
контент для стоматологической клиники,контент для стоматологической клиник | контент для стоматологической,,контент для клиники | контент для стоматологической клиники,1
контент план для ветеринарной клиники,контент план для ветеринарной клиник | контент план для ветеринарной,,контент для клиники | контент план для ветеринарной клиники | контент план для клиники,1
контент план для клиники,контент план для клиник,,контент для клиники | контент план для клиники,1
контент план для клиники косметологии,контент план для клиники косметологи | контент план для клиники,,контент для клиники | контент план для клиники | контент план для клиники косметологии,1
контент план для медицинской клиники,контент план для медицинской клиник | контент план для медицинской,,контент для клиники | контент план для клиники | контент план для медицинской клиники,1
контент план для стоматологии,контент план для стоматологи | контент план для,контент план для стоматологи,контент план для стоматологии,2
контент план для стоматологической клиники,контент план для стоматологической клиник | контент план для стоматологической,,контент для клиники | контент для стоматологической клиники | контент план для клиники | контент план для стоматологии | контент план для стоматологической клиники,1
косметологическая клиника уфа комсомольская 37 официальный сайт,,косметологическая клиника уфа комсомольская 37 официальный сай | косметологическая клиника уфа комсомольская 37 официальный,реклама клиники косметологии,1
косметология реклама фото,косметология реклама фот | косметология реклама,,косметология реклама фото | реклама косметологии | реклама косметология,1
креативная реклама косметологии,креативная реклама косметологи,,креативная реклама косметологии | реклама косметологии | реклама косметология,1
личный сайт врача,личный сайт врач | личный сайт,личный сайт врач,личный сайт врача,2
маркетинг для клиник,маркетинг для клини,маркетинг для клини,маркетинг для клиник | маркетинг для клиники,2
маркетинг для клиники,,маркетинг для клиник,маркетинг для клиники,1
маркетинг для медицинских клиник,маркетинг для медицинских клини | маркетинг для медицинских,маркетинг для медицинских клини | маркетинг для медицинских,маркетинг для клиник,2
маркетинг клиники,,маркетинг клиник,маркетинг клиники,1
медицинский копирайтинг,медицинский копирайтин,медицинский копирайтин,медицинский копирайтинг,2
медицинский маркетинг,медицинский маркетин,медицинский маркетин,медицинский маркетинг,2
медицинский маркетинг 2025,медицинский маркетинг 202 | медицинский маркетинг,медицинский маркетинг 202 | медицинский маркетинг,медицинский маркетинг | медицинский маркетинг 2025,2
медицинский маркетинг 2026,,медицинский маркетинг 202,медицинский маркетинг 2025,1
медицинский маркетинг агентство,медицинский маркетинг агентств | медицинский маркетинг,медицинский маркетинг агентств | медицинский маркетинг,медицинский маркетинг | медицинский маркетинг агентство,2
медицинский маркетинг вшэ,медицинский маркетинг вш | медицинский маркетинг,,медицинский маркетинг | медицинский маркетинг вшэ,1
медицинский маркетинг книга,медицинский маркетинг книг | медицинский маркетинг,медицинский маркетинг книг | медицинский маркетинг,медицинский маркетинг | медицинский маркетинг книга,2
медицинский маркетинг конференция,медицинский маркетинг конференци,медицинский маркетинг конференци | медицинский маркетинг,медицинский маркетинг | медицинский маркетинг конференция,2
медицинский маркетинг конференция 2025,медицинский маркетинг конференция 202 | медицинский маркетинг конференция,,медицинский маркетинг 2025 | медицинский маркетинг конференция,1
медицинский маркетинг курсы,медицинский маркетинг курс | медицинский маркетинг,медицинский маркетинг курс | медицинский маркетинг,медицинский маркетинг | медицинский маркетинг курсы,2
медицинский маркетинг магистратура,медицинский маркетинг магистратур | медицинский маркетинг,,медицинский маркетинг | медицинский маркетинг магистратура,1
медицинский маркетинг обучение,медицинский маркетинг обучени | медицинский маркетинг,медицинский маркетинг обучени | медицинский маркетинг,медицинский маркетинг | медицинский маркетинг обучение,2
медицинский маркетинг что это,,медицинский маркетинг что эт | медицинский маркетинг что,медицинский маркетинг это,1
медицинский маркетинг это,медицинский маркетинг эт | медицинский маркетинг,медицинский маркетинг эт | медицинский маркетинг,медицинский маркетинг | медицинский маркетинг это,2
медицинский маркетинг это система,медицинский маркетинг это систем | медицинский маркетинг это,медицинский маркетинг это систем | медицинский маркетинг это,медицинский маркетинг | медицинский маркетинг это | медицинский маркетинг это система,2
медицинский маркетолог обучение,медицинский маркетолог обучени | медицинский маркетолог,медицинский маркетолог обучени | медицинский маркетолог,медицинский маркетинг обучение,2
медицинский маркетолог это,медицинский маркетолог эт | медицинский маркетолог,медицинский маркетолог эт | медицинский маркетолог,медицинский маркетинг это,2
медицинский центр продвижение калининград,медицинский центр продвижение калинингра | медицинский центр продвижение,медицинский центр продвижение калинингра | медицинский центр продвижение,продвижение медцентр калининград,2
медцентр продвижение,медцентр продвижени,медцентр продвижени,продвижение медцентр,2
медцентр продвижение калининград,медцентр продвижение калинингра | медцентр продвижение,медцентр продвижение калинингра | медцентр продвижение,продвижение медцентр | продвижение медцентр калининград,2
медцентр продвижение калининград официальный сайт,,медцентр продвижение калининград официальный сай | медцентр продвижение калининград официальный,продвижение медцентр | продвижение медцентр калининград,1
наружная реклама косметология,наружная реклама косметологи,,наружная реклама косметология | реклама косметологии | реклама косметология,1
областная косметологическая клиника иркутск на карла маркса сайт,,областная косметологическая клиника иркутск на карла маркса сай | областная косметологическая клиника иркутск на карла маркса,реклама клиники косметологии,1
оля соколова сео сети клиник скандинавия,оля соколова сео сети клиник скандинави | оля соколова сео сети клиник,,сео сети клиник скандинавия,1
ооо агентство медицинского маркетинга,ооо агентство медицинского маркетинг | ооо агентство медицинского,,агентство медицинского маркетинга | ооо агентство медицинского маркетинга,1
официальный сайт областной стоматологической поликлиники,официальный сайт областной стоматологической поликлиник | официальный сайт областной стоматологической,официальный сайт областной стоматологической поликлиник | официальный сайт областной стоматологической,официальный сайт стоматологии | официальный сайт стоматологической поликлиники | сайт стоматологической поликлиники 1 | сайт стоматологической поликлиники 2,2
официальный сайт стоматологии,официальный сайт стоматологи,официальный сайт стоматологи,официальный сайт стоматологии | сайт для стоматологии,2
официальный сайт стоматологии все свои,,официальный сайт стоматологии все сво | официальный сайт стоматологии все,официальный сайт стоматологии | официальный сайт стоматологии все свои | сайт для стоматологии,1
официальный сайт стоматологическая поликлиника 1,,официальный сайт стоматологическая поликлиника,официальный сайт стоматологии | официальный сайт стоматологическая поликлиника 1 | официальный сайт стоматологическая поликлиника 2 | сайт для стоматологии,1
официальный сайт стоматологическая поликлиника 2,,официальный сайт стоматологическая поликлиника,официальный сайт стоматологии | официальный сайт стоматологическая поликлиника 1 | официальный сайт стоматологическая поликлиника 2 | сайт для стоматологии,1
официальный сайт стоматологической ассоциации россии,официальный сайт стоматологической ассоциации росси | официальный сайт стоматологической ассоциации,официальный сайт стоматологической ассоциации росси | официальный сайт стоматологической ассоциации,официальный сайт стоматологии | официальный сайт стоматологической ассоциации россии | сайт для стоматологии | сайт стоматологической ассоциации россии,2
официальный сайт стоматологической поликлиники,,официальный сайт стоматологической поликлиник | официальный сайт стоматологической,официальный сайт стоматологии | официальный сайт стоматологической поликлиники | сайт для стоматологии | сайт стоматологической поликлиники 1 | сайт стоматологической поликлиники 2,1
про докторов калининград официальный сайт стоматологи,,про докторов калининград официальный сайт стоматолог | про докторов калининград официальный сайт,официальный сайт стоматологии,1
продвижение ветеринарной клиники,продвижение ветеринарной клиник | продвижение ветеринарной,продвижение ветеринарной клиник | продвижение ветеринарной,продвижение ветеринарной клиники,2
продвижение клиника,продвижение клиник,продвижение клиник,продвижение клиника | продвижение клиники,2
продвижение клиника бережковская набережная,,продвижение клиника бережковская набережна | продвижение клиника бережковская,продвижение клиника | продвижение клиника бережковская набережная | продвижение клиники,1
продвижение клиника в калининграде,,продвижение клиника в калининград | продвижение клиника в,продвижение клиника | продвижение клиника в калининграде | продвижение клиника калининград | продвижение клиники,1
продвижение клиника в калининграде броненосная,,продвижение клиника в калининграде броненосна | продвижение клиника в калининграде,продвижение клиника | продвижение клиника в калининграде | продвижение клиника в калининграде броненосная | продвижение клиника калининград | продвижение клиники,1
продвижение клиника в калининграде броненосная 40,,продвижение клиника в калининграде броненосная 4 | продвижение клиника в калининграде броненосная,продвижение клиника | продвижение клиника в калининграде | продвижение клиника в калининграде броненосная | продвижение клиника в калининграде броненосная 40 | продвижение клиника калининград | продвижение клиники,1
продвижение клиника в калининграде на гагарина,,продвижение клиника в калининграде на гагарин | продвижение клиника в калининграде на,клиника продвижение на гагарина калининград | продвижение клиника | продвижение клиника в калининграде | продвижение клиника в калининграде на гагарина | продвижение клиника калининград | продвижение клиники,1
продвижение клиника в москве,,продвижение клиника в москв | продвижение клиника в,продвижение клиника | продвижение клиника в москве | продвижение клиника москва | продвижение клиники,1
продвижение клиника калининград,продвижение клиника калинингра | продвижение клиника,продвижение клиника калинингра | продвижение клиника,продвижение клиника | продвижение клиника калининград | продвижение клиники,2
продвижение клиника москва,продвижение клиника москв | продвижение клиника,,продвижение клиника | продвижение клиника в москве | продвижение клиника москва | продвижение клиники,1
продвижение клиника реабилитации,,продвижение клиника реабилитаци | продвижение клиника,продвижение клиника | продвижение клиника реабилитации | продвижение клиники,1
продвижение клиника ульяновск,,продвижение клиника ульяновс | продвижение клиника,продвижение клиника | продвижение клиника ульяновск | продвижение клиники,1
продвижение клиники кейс,продвижение клиники кей | продвижение клиники,,продвижение клиника | продвижение клиники | продвижение клиники кейс,1
продвижение косметологии,продвижение косметологи,продвижение косметологи,продвижение косметологии,2
продвижение косметологической клиники,продвижение косметологической клиник | продвижение косметологической,,продвижение косметологии | продвижение косметологической клиники,1
продвижение медицинского центра,,продвижение медицинского центр | продвижение медицинского,продвижение медицинского центра,1
продвижение медцентр,продвижение медцент,продвижение медцент,продвижение медицинского центра | продвижение медцентр,2
продвижение медцентр калининград,,продвижение медцентр калинингра | продвижение медцентр,продвижение медицинского центра | продвижение медцентр | продвижение медцентр калининград,1
продвижение на продокторов,продвижение на продокторо,продвижение на продокторо,продвижение на продокторов,2
продвижение сайта клиники,продвижение сайта клиник,,продвижение сайта клиники,1
продвижение сайта медицинского центра,,продвижение сайта медицинского центр | продвижение сайта медицинского,продвижение медицинского центра | продвижение сайта медицинского центра,1
продвижение стоматологии,продвижение стоматологи,продвижение стоматологи,продвижение стоматологии | продвижение стоматологий,2
продвижение стоматологии в инстаграм,продвижение стоматологии в инстагра | продвижение стоматологии в,,продвижение стоматологии | продвижение стоматологии в инстаграм | продвижение стоматологий,1
продвижение стоматологии кейс,продвижение стоматологии кей | продвижение стоматологии,,продвижение стоматологии | продвижение стоматологии кейс | продвижение стоматологии кейсы | продвижение стоматологий,1
продвижение стоматологии кейсы,,продвижение стоматологии кейс | продвижение стоматологии,продвижение стоматологии | продвижение стоматологии кейс | продвижение стоматологии кейсы | продвижение стоматологий,1
продвижение стоматологии яндекс директ,,продвижение стоматологии яндекс дирек | продвижение стоматологии яндекс,продвижение стоматологии | продвижение стоматологии яндекс директ | продвижение стоматологий,1
продвижение стоматологий,,продвижение стоматологи,продвижение стоматологии | продвижение стоматологий,1
продвижение стоматологических услуг,продвижение стоматологических услу | продвижение стоматологических,,продвижение стоматологии | продвижение стоматологий | продвижение стоматологических услуг,1
продвижение стоматологической клиники,продвижение стоматологической клиник | продвижение стоматологической,продвижение стоматологической клиник | продвижение стоматологической,продвижение стоматологии | продвижение стоматологий | продвижение стоматологической клиники,2
разработка сайта для стоматологии,разработка сайта для стоматологи | разработка сайта для,разработка сайта для стоматологи | разработка сайта для,разработка сайта для стоматологии | создание сайта для стоматологии | создание сайта стоматологии,2
разработка сайта клиники,разработка сайта клиник,разработка сайта клиник,разработка сайта клиники,2
реклама аппаратной косметологии,реклама аппаратной косметологи | реклама аппаратной,реклама аппаратной косметологи | реклама аппаратной,реклама аппаратной косметологии | реклама косметологии | реклама косметология,2
реклама ветеринарной клиники,реклама ветеринарной клиник | реклама ветеринарной,реклама ветеринарной клиник | реклама ветеринарной,реклама ветеринарной клиники | реклама клиника | реклама клиники,2
реклама ветеринарной клиники пример,,реклама ветеринарной клиники приме | реклама ветеринарной клиники,реклама ветеринарной клиники | реклама клиники пример,1
реклама ветеринарной клиники текст,реклама ветеринарной клиники текс | реклама ветеринарной клиники,,реклама ветеринарной клиники,1
реклама ветклиники,реклама ветклиник,реклама ветклиник,реклама ветеринарной клиники,2
реклама для стоматологии примеры,,реклама для стоматологии пример | реклама для стоматологии,реклама стоматологии примеры,1
реклама клиника,,реклама клиник,реклама клиника | реклама клиники,1
реклама клиника маршака 2003,,реклама клиника маршака 200 | реклама клиника маршака,клиника маршака реклама | реклама клиника | реклама клиника маршака 2003 | реклама клиники,1
реклама клиники,реклама клиник,реклама клиник,реклама клиника | реклама клиники,2
реклама клиники косметологии,реклама клиники косметологи | реклама клиники,,реклама клиника | реклама клиники | реклама клиники косметологии,1
реклама клиники маршака,,реклама клиники маршак | реклама клиники,реклама клиника | реклама клиники | реклама клиники маршака,1
реклама клиники пластической хирургии,реклама клиники пластической хирурги | реклама клиники пластической,,реклама клиника | реклама клиники | реклама клиники пластической хирургии,1
реклама клиники пример,реклама клиники приме | реклама клиники,реклама клиники приме | реклама клиники,реклама клиника | реклама клиники | реклама клиники пример,2
реклама клиники стоматологии,реклама клиники стоматологи | реклама клиники,,реклама клиника | реклама клиники | реклама клиники стоматологии,1
реклама клиники яндекс директ,,реклама клиники яндекс дирек | реклама клиники яндекс,реклама клиника | реклама клиники | реклама клиники яндекс директ,1
реклама косметологии,реклама косметологи,реклама косметологи,реклама косметологии | реклама косметология,2
реклама косметологии пример,,реклама косметологии приме | реклама косметологии,реклама косметологии | реклама косметологии пример | реклама косметология,1
реклама косметологии текст,реклама косметологии текс | реклама косметологии,,реклама косметологии | реклама косметологии текст | реклама косметология,1
реклама косметологических процедур,реклама косметологических процеду | реклама косметологических,,реклама косметологии | реклама косметологических процедур | реклама косметология,1
реклама косметологических услуг,реклама косметологических услу | реклама косметологических,реклама косметологических услу | реклама косметологических,реклама косметологии | реклама косметологических услуг | реклама косметология,2
реклама косметологических услуг примеры,,реклама косметологических услуг пример | реклама косметологических услуг,реклама косметологии | реклама косметологических услуг | реклама косметологических услуг примеры | реклама косметология,1
реклама косметологического кабинета,реклама косметологического кабинет | реклама косметологического,,реклама косметологии | реклама косметологического кабинета | реклама косметология,1
реклама косметологической клиники,реклама косметологической клиник | реклама косметологической,,реклама косметологии | реклама косметологической клиники | реклама косметология,1
реклама косметология,,реклама косметологи,реклама косметологии | реклама косметология,1
реклама офтальмологической клиники,реклама офтальмологической клиник | реклама офтальмологической,реклама офтальмологической клиник | реклама офтальмологической,реклама клиника | реклама клиники | реклама офтальмологической клиники,2
реклама стоматологии,реклама стоматологи,реклама стоматологи,реклама стоматологии,2
реклама стоматологии без брови,реклама стоматологии без бров | реклама стоматологии без,,реклама стоматологии | реклама стоматологии без брови,1
реклама стоматологии в интернете,,реклама стоматологии в интернет | реклама стоматологии в,реклама стоматологии | реклама стоматологии в интернете,1
реклама стоматологии видео,реклама стоматологии виде | реклама стоматологии,реклама стоматологии виде | реклама стоматологии,реклама стоматологии | реклама стоматологии видео,2
реклама стоматологии вставь мне,реклама стоматологии вставь мн | реклама стоматологии вставь,реклама стоматологии вставь мн | реклама стоматологии вставь,реклама стоматологии | реклама стоматологии вставь мне,2
реклама стоматологии картинки,реклама стоматологии картинк,реклама стоматологии картинк | реклама стоматологии,реклама стоматологии | реклама стоматологии картинки,2
реклама стоматологии мем,реклама стоматологии ме | реклама стоматологии,,реклама стоматологии | реклама стоматологии мем,1
реклама стоматологии на радио текст,реклама стоматологии на радио текс | реклама стоматологии на радио,,реклама стоматологии текст,1
реклама стоматологии под песню кухни,реклама стоматологии под песню кухн | реклама стоматологии под песню,реклама стоматологии под песню кухн | реклама стоматологии под песню,реклама стоматологии | реклама стоматологии под песню кухни,2
реклама стоматологии примеры,реклама стоматологии пример | реклама стоматологии,реклама стоматологии пример | реклама стоматологии,реклама стоматологии | реклама стоматологии примеры,2
реклама стоматологии текст,реклама стоматологии текс | реклама стоматологии,реклама стоматологии текс | реклама стоматологии,реклама стоматологии | реклама стоматологии текст,2
реклама стоматологии текст пример,,реклама стоматологии текст приме | реклама стоматологии текст,реклама стоматологии | реклама стоматологии примеры | реклама стоматологии текст | реклама стоматологии текст пример,1
реклама стоматологии фото,реклама стоматологии фот | реклама стоматологии,,реклама стоматологии | реклама стоматологии фото,1
реклама стоматологических услуг,реклама стоматологических услу | реклама стоматологических,реклама стоматологических услу | реклама стоматологических,реклама стоматологии | реклама стоматологических услуг,2
реклама стоматологической клиники,реклама стоматологической клиник | реклама стоматологической,реклама стоматологической клиник | реклама стоматологической,реклама клиники стоматологии | реклама стоматологии | реклама стоматологической клиники,2
реклама стоматологической клиники образец,,реклама стоматологической клиники образе | реклама стоматологической клиники,реклама клиники стоматологии | реклама стоматологии | реклама стоматологической клиники | реклама стоматологической клиники образец,1
репутация врача,репутация врач,,репутация врача,1
репутация касимов врачи,репутация касимов врач | репутация касимов,репутация касимов врач | репутация касимов,репутация врача | репутация касимов врачи,2
репутация касимов стоматология врачи,,репутация касимов стоматология врач | репутация касимов стоматология,репутация касимов врачи,1
сайт 7 стоматологической поликлиники минск,сайт 7 стоматологической поликлиники минс | сайт 7 стоматологической поликлиники,,сайт стоматологической поликлиники | сайт стоматологической поликлиники 1 | сайт стоматологической поликлиники 2,1
сайт городской стоматологической поликлиники,сайт городской стоматологической поликлиник | сайт городской стоматологической,сайт городской стоматологической поликлиник | сайт городской стоматологической,сайт стоматологической поликлиники | сайт стоматологической поликлиники 1 | сайт стоматологической поликлиники 2,2
сайт детской стоматологической поликлиники,сайт детской стоматологической поликлиник | сайт детской стоматологической,сайт детской стоматологической поликлиник | сайт детской стоматологической,сайт стоматологической поликлиники | сайт стоматологической поликлиники 1 | сайт стоматологической поликлиники 2,2
сайт для стоматологии,сайт для стоматологи,сайт для стоматологи,сайт для стоматологии | сайт для стоматологов,2
сайт для стоматологии заказать,,сайт для стоматологии заказат | сайт для стоматологии,сайт для стоматологии | сайт для стоматологии заказать | сайт для стоматологов,1
сайт для стоматологической клиники,сайт для стоматологической клиник | сайт для стоматологической,сайт для стоматологической клиник | сайт для стоматологической,сайт для стоматологии | сайт для стоматологической клиники | сайт для стоматологов,2
сайт для стоматологов,сайт для стоматолого,сайт для стоматолого,сайт для стоматологии | сайт для стоматологов,2
сайт краевой стоматологической поликлиники,сайт краевой стоматологической поликлиник | сайт краевой стоматологической,сайт краевой стоматологической поликлиник | сайт краевой стоматологической,сайт стоматологической поликлиники | сайт стоматологической поликлиники 1 | сайт стоматологической поликлиники 2,2
сайт областной стоматологической поликлиники,сайт областной стоматологической поликлиник | сайт областной стоматологической,сайт областной стоматологической поликлиник | сайт областной стоматологической,сайт стоматологической поликлиники | сайт стоматологической поликлиники 1 | сайт стоматологической поликлиники 2,2
сайт республиканской стоматологической поликлиники,сайт республиканской стоматологической поликлиник | сайт республиканской стоматологической,сайт республиканской стоматологической поликлиник | сайт республиканской стоматологической,сайт стоматологической поликлиники | сайт стоматологической поликлиники 1 | сайт стоматологической поликлиники 2,2
сайт стар стоматологической ассоциации россии,,сайт стар стоматологической ассоциации росси | сайт стар стоматологической ассоциации,сайт стоматологической ассоциации россии,1
сайт стоматологии москва,сайт стоматологии москв | сайт стоматологии,сайт стоматологии москв | сайт стоматологии,сайт для стоматологии | сайт стоматологии москва,2
сайт стоматологической ассоциации россии,сайт стоматологической ассоциации росси | сайт стоматологической ассоциации,сайт стоматологической ассоциации росси | сайт стоматологической ассоциации,сайт для стоматологии | сайт стоматологической ассоциации россии,2
сайт стоматологической поликлиники,сайт стоматологической поликлиник | сайт стоматологической,сайт стоматологической поликлиник | сайт стоматологической,сайт для стоматологии | сайт стоматологической поликлиники | сайт стоматологической поликлиники 1 | сайт стоматологической поликлиники 2,2
сайт стоматологической поликлиники 1,сайт стоматологической поликлиники,сайт стоматологической поликлиники,сайт для стоматологии | сайт стоматологической поликлиники | сайт стоматологической поликлиники 1 | сайт стоматологической поликлиники 2,2
сайт стоматологической поликлиники 2,сайт стоматологической поликлиники,сайт стоматологической поликлиники,сайт для стоматологии | сайт стоматологической поликлиники | сайт стоматологической поликлиники 1 | сайт стоматологической поликлиники 2,2
сайт стоматологической поликлиники 3,сайт стоматологической поликлиники,,сайт стоматологической поликлиники | сайт стоматологической поликлиники 1 | сайт стоматологической поликлиники 2,1
сайт стоматологической поликлиники 4,,сайт стоматологической поликлиники,сайт стоматологической поликлиники | сайт стоматологической поликлиники 1 | сайт стоматологической поликлиники 2,1
сайт стоматологической поликлиники мозырь,,сайт стоматологической поликлиники мозыр | сайт стоматологической поликлиники,сайт стоматологической поликлиники | сайт стоматологической поликлиники 1 | сайт стоматологической поликлиники 2,1
сайт стоматология улыбка,сайт стоматология улыбк | сайт стоматология,,сайт для стоматологии | сайт стоматология улыбка,1
сайт стоматологов россии,сайт стоматологов росси | сайт стоматологов,сайт стоматологов росси | сайт стоматологов,сайт для стоматологов,2
сео клиники,сео клиник,,seo клиники | сео клиники,1
сео продвижение медицинского сайта,,сео продвижение медицинского сайт | сео продвижение медицинского,seo медицинского сайта | сео продвижение медицинского сайта,1
сео сети клиник скандинавия,сео сети клиник скандинави | сео сети клиник,,seo клиники | сео сети клиник скандинавия,1
сколько стоит продвижение на продокторов,сколько стоит продвижение на продокторо,,продвижение на продокторов | сколько стоит продвижение на продокторов,1
см клиника брендбук,см клиника брендбу,,брендбук клиники,1
см клиника реклама,см клиника реклам,см клиника реклам,клиника реклама | реклама клиника | реклама клиники | см клиника реклама,2
создание медицинского сайта,создание медицинского сайт | создание медицинского,,создание медицинского сайта,1
создание сайта для стоматологии,создание сайта для стоматологи,создание сайта для стоматологи | создание сайта для,разработка сайта для стоматологии | создание сайта для стоматологии | создание сайта стоматологии,2
создание сайта стоматологии,создание сайта стоматологи,,создание сайта стоматологии,1
создать сайт для стоматологии,создать сайт для стоматологи,создать сайт для стоматологи,сайт для стоматологии | создать сайт для стоматологии,2
сохо официальный сайт стоматология,сохо официальный сайт стоматологи | сохо официальный сайт,,официальный сайт стоматологии,1
стомат поликлиника 1 белгород официальный сайт,,стомат поликлиника 1 белгород официальный сай | стомат поликлиника 1 белгород официальный,официальный сайт стоматологическая поликлиника 1 | официальный сайт стоматологическая поликлиника 2,1
стомат поликлиника 2 белгород официальный сайт,,стомат поликлиника 2 белгород официальный сай | стомат поликлиника 2 белгород официальный,официальный сайт стоматологическая поликлиника 1 | официальный сайт стоматологическая поликлиника 2,1
стомат поликлиника 2 уфа официальный сайт,,стомат поликлиника 2 уфа официальный сай | стомат поликлиника 2 уфа официальный,официальный сайт стоматологическая поликлиника 1 | официальный сайт стоматологическая поликлиника 2,1
стомат поликлиника 3 воронеж официальный сайт,,стомат поликлиника 3 воронеж официальный сай | стомат поликлиника 3 воронеж официальный,официальный сайт стоматологическая поликлиника 1 | официальный сайт стоматологическая поликлиника 2,1
стомат поликлиника 8 уфа официальный сайт,,стомат поликлиника 8 уфа официальный сай | стомат поликлиника 8 уфа официальный,официальный сайт стоматологическая поликлиника 1 | официальный сайт стоматологическая поликлиника 2,1
стоматологическая клиника реклама,стоматологическая клиника реклам,,клиника реклама,1
стоматологическая поликлиника официальный сайт,стоматологическая поликлиника официальный сай | стоматологическая поликлиника официальный,стоматологическая поликлиника официальный сай | стоматологическая поликлиника официальный,официальный сайт стоматологическая поликлиника 1 | официальный сайт стоматологическая поликлиника 2,2
стоматология улыбка ржев официальный сайт,,стоматология улыбка ржев официальный сай | стоматология улыбка ржев официальный,сайт стоматология улыбка,1
стоматология улыбка сайт,стоматология улыбка сай,стоматология улыбка сай,сайт стоматология улыбка,2
стоматология улыбка сергиев посад официальный сайт,,стоматология улыбка сергиев посад официальный сай | стоматология улыбка сергиев посад официальный,сайт стоматология улыбка,1
стоматология улыбка уссурийск официальный сайт,,стоматология улыбка уссурийск официальный сай | стоматология улыбка уссурийск официальный,сайт стоматология улыбка,1
улыбка про стоматология автозаводская сайт,,улыбка про стоматология автозаводская сай | улыбка про стоматология автозаводская,сайт стоматология улыбка,1
улыбка стоматология кемерово официальный сайт,,улыбка стоматология кемерово официальный сай | улыбка стоматология кемерово официальный,сайт стоматология улыбка,1
улыбка стоматология омск официальный сайт,,улыбка стоматология омск официальный сай | улыбка стоматология омск официальный,сайт стоматология улыбка,1
фрау клиника пластической хирургии официальный сайт,,фрау клиника пластической хирургии официальный сай | фрау клиника пластической хирургии официальный,реклама клиники пластической хирургии,1
центр продвижение ульяновск восстановительной медицины,,центр продвижение ульяновск восстановительной медицин | центр продвижение ульяновск восстановительной,клиника продвижение ульяновск,1
