query,google_probes,yandex_probes,source_count
агентство медицинского маркетинга,агентство медицинского маркетинг | агентство медицинского,агентство медицинского маркетинг | агентство медицинского,2
медицинский маркетинг москва,медицинский маркетинг москв,,1
медицинский интернет маркетинг,,медицинский интернет маркетин | медицинский интернет,1
медицинское маркетинговое агентство,медицинское маркетинговое агентств | медицинское маркетинговое,медицинское маркетинговое агентств | медицинское маркетинговое,2
маркетинг для медицинских клиник,маркетинг для медицинских клини | маркетинг для медицинских,маркетинг для медицинских клини | маркетинг для медицинских,2
маркетинг для клиники,,маркетинг для клиник,1
разработка медицинских сайтов,,разработка медицинских сайто | разработка медицинских,1
разработка сайта клиники,разработка сайта клиник,разработка сайта клиник,2
создание медицинских сайтов,создание медицинских сайто | создание медицинских,,1
сайт для клиники,сайт для клиник,сайт для клиник,2
создание сайта для клиники,,создание сайта для клиник,1
создание сайта медицинской организации,создание сайта медицинской организаци | создание сайта медицинской,,1
разработка сайта для клиники,разработка сайта для клиник | разработка сайта для,,1
сайт для ветеринарной клиники,сайт для ветеринарной клиник | сайт для ветеринарной,,1
создать сайт для стоматологии,создать сайт для стоматологи,создать сайт для стоматологи,2
готовый сайт для стоматологии,готовый сайт для стоматологи | готовый сайт для,готовый сайт для стоматологи | готовый сайт для,2
сайт для стоматологии,сайт для стоматологи,сайт для стоматологи,2
сайт для стоматологии заказать,,сайт для стоматологии заказат | сайт для стоматологии,1
разработка сайта для стоматологии,разработка сайта для стоматологи | разработка сайта для,разработка сайта для стоматологи | разработка сайта для,2
сайт для стоматологической клиники,сайт для стоматологической клиник | сайт для стоматологической,сайт для стоматологической клиник | сайт для стоматологической,2
личный сайт врача,личный сайт врач | личный сайт,личный сайт врач,2
клиника продвижение,клиника продвижени,клиника продвижени,2
интернет продвижение клиники,,интернет продвижение клиник | интернет продвижение,1
seo продвижение медицинских сайтов,,seo продвижение медицинских сайто | seo продвижение медицинских,1
продвижение медицинских клиник,,продвижение медицинских клини | продвижение медицинских,1
клиника продвижение москва,клиника продвижение москв | клиника продвижение,клиника продвижение москв | клиника продвижение,2
seo медицинских сайтов,seo медицинских сайто | seo медицинских,seo медицинских сайто | seo медицинских,2
продвижение медицинских услуг,,продвижение медицинских услу | продвижение медицинских,1
продвижение медицинского центра,,продвижение медицинского центр | продвижение медицинского,1
продвижение сайта медицинских услуг,,продвижение сайта медицинских услу | продвижение сайта медицинских,1
продвижение медицинского сайта,,продвижение медицинского сайт | продвижение медицинского,1
продвижение сайта медицинского центра,,продвижение сайта медицинского центр | продвижение сайта медицинского,1
продвижение сайта клиники,продвижение сайта клиник,,1
продвижение сайта медицинской клиники,,продвижение сайта медицинской клиник | продвижение сайта медицинской,1
медицинское seo,,медицинское se,1
сео клиники,сео клиник,,1
продвижение ветеринарной клиники,продвижение ветеринарной клиник | продвижение ветеринарной,продвижение ветеринарной клиник | продвижение ветеринарной,2
продвижение медицинского оборудования,продвижение медицинского оборудовани | продвижение медицинского,продвижение медицинского оборудовани | продвижение медицинского,2
продвижение медицинских товаров,продвижение медицинских товаро,,1
продвижение врача в интернете,продвижение врача в интернет | продвижение врача в,продвижение врача в интернет | продвижение врача в,2
продвижение врачей,продвижение враче,продвижение враче,2
реклама наркологии,реклама наркологи,,1
seo продвижение стоматологии,,seo продвижение стоматологи,1
продвижение стоматологии,продвижение стоматологи,продвижение стоматологи,2
продвижение стоматологической клиники,продвижение стоматологической клиник | продвижение стоматологической,продвижение стоматологической клиник | продвижение стоматологической,2
продвижение стоматологических услуг,продвижение стоматологических услу | продвижение стоматологических,,1
раскрутка стоматологии,раскрутка стоматологи,,1
реклама аппаратной косметологии,реклама аппаратной косметологи | реклама аппаратной,реклама аппаратной косметологи | реклама аппаратной,2
продвижение косметологии,продвижение косметологи,продвижение косметологи,2
реклама косметологии,реклама косметологи,реклама косметологи,2
таргетированная реклама стоматологии,,таргетированная реклама стоматологи,1
смм для стоматологии,смм для стоматологи,,1
реклама клиники,реклама клиник,реклама клиник,2
реклама клиники яндекс директ,,реклама клиники яндекс дирек | реклама клиники яндекс,1
реклама стоматологии,реклама стоматологи,реклама стоматологи,2
контекстная реклама для стоматологии,контекстная реклама для стоматологи | контекстная реклама для,контекстная реклама для стоматологи | контекстная реклама для,2
реклама стоматологии в интернете,,реклама стоматологии в интернет | реклама стоматологии в,1
реклама клиники стоматологии,реклама клиники стоматологи | реклама клиники,,1
реклама стоматологических услуг,реклама стоматологических услу | реклама стоматологических,реклама стоматологических услу | реклама стоматологических,2
привлечение клиентов в стоматологию,привлечение клиентов в стоматологи,привлечение клиентов в стоматологи | привлечение клиентов в,2
яндекс директ для стоматологии,,яндекс директ для стоматологи | яндекс директ для,1
реклама стоматологии москва,реклама стоматологии москв,,1
клиника репутация,клиника репутаци,клиника репутаци,2
репутация врача,репутация врач,,1
купить отзывы на продокторов,купить отзывы на продокторо | купить отзывы на,,1
продвижение на продокторов,продвижение на продокторо,продвижение на продокторо,2
заказать отзывы на продокторов,заказать отзывы на продокторо | заказать отзывы на,,1
накрутка отзывов продокторов,накрутка отзывов продокторо,накрутка отзывов продокторо,2
накрутить отзывы на продокторов,накрутить отзывы на продокторо | накрутить отзывы на,,1
медицинский кейс,медицинский кей,медицинский кей,2
кейс стоматология яндекс директ,кейс стоматология яндекс дирек | кейс стоматология яндекс,кейс стоматология яндекс дирек | кейс стоматология яндекс,2
кейс стоматология таргет вк,кейс стоматология таргет в | кейс стоматология таргет,,1
кейсы стоматология,кейсы стоматологи,кейсы стоматологи,2
кейс таргет стоматология,кейс таргет стоматологи | кейс таргет,,1
контент план для стоматологии,контент план для стоматологи | контент план для,контент план для стоматологи,2
контент план для медицинской клиники,контент план для медицинской клиник | контент план для медицинской,,1
контент для стоматологии,контент для стоматологи,контент для стоматологи,2
контент план для медицинского центра,контент план для медицинского центр | контент план для медицинского,,1
контент план для стоматологической клиники,контент план для стоматологической клиник | контент план для стоматологической,,1
медицинский копирайтинг,медицинский копирайтин,медицинский копирайтин,2
копирайтинг медицина,копирайтинг медицин,,1
копирайтер медицинских текстов,копирайтер медицинских тексто | копирайтер медицинских,копирайтер медицинских тексто | копирайтер медицинских,2
медицинский брендинг,медицинский брендин,,1
брендинг клиники,брендинг клиник,,1
брендинг стоматологии,брендинг стоматологи,,1
брендбук медицинского центра,брендбук медицинского центр | брендбук медицинского,,1
